hour_start,hour_end,wind_forecast_mw,price,wind_quarters,price_quarters
2026-03-25T00:00:00Z,2026-03-25T01:00:00Z,6212.875,1.812,4,4
2026-03-25T01:00:00Z,2026-03-25T02:00:00Z,5891.875,0.368,4,4
2026-03-25T02:00:00Z,2026-03-25T03:00:00Z,5558.75,0.0,4,4
2026-03-25T03:00:00Z,2026-03-25T04:00:00Z,5288.75,0.0,4,4
2026-03-25T04:00:00Z,2026-03-25T05:00:00Z,5179.45,0.212,4,4
2026-03-25T05:00:00Z,2026-03-25T06:00:00Z,5130.175,1.152,4,4
2026-03-25T06:00:00Z,2026-03-25T07:00:00Z,4996.1,4.192,4,4
2026-03-25T07:00:00Z,2026-03-25T08:00:00Z,4734.35,9.595,4,4
2026-03-25T08:00:00Z,2026-03-25T09:00:00Z,4514.65,9.482,4,4
2026-03-25T09:00:00Z,2026-03-25T10:00:00Z,4515.0,9.48,4,4
2026-03-25T10:00:00Z,2026-03-25T11:00:00Z,4536.4,7.375,4,4
2026-03-25T11:00:00Z,2026-03-25T12:00:00Z,4532.0,4.972,4,4
2026-03-25T12:00:00Z,2026-03-25T13:00:00Z,4602.2,5.0,4,4
2026-03-25T13:00:00Z,2026-03-25T14:00:00Z,4789.975,4.44,4,4
2026-03-25T14:00:00Z,2026-03-25T15:00:00Z,5140.925,3.865,4,4
2026-03-25T15:00:00Z,2026-03-25T16:00:00Z,5529.6,6.365,4,4
2026-03-25T16:00:00Z,2026-03-25T17:00:00Z,5838.45,29.202,4,4
2026-03-25T17:00:00Z,2026-03-25T18:00:00Z,6094.775,68.925,4,4
2026-03-25T18:00:00Z,2026-03-25T19:00:00Z,6295.625,101.318,4,4
2026-03-25T19:00:00Z,2026-03-25T20:00:00Z,6481.35,101.092,4,4
2026-03-25T20:00:00Z,2026-03-25T21:00:00Z,6650.25,31.958,4,4
2026-03-25T21:00:00Z,2026-03-25T22:00:00Z,6751.85,19.778,4,4
2026-03-25T22:00:00Z,2026-03-25T23:00:00Z,6900.55,26.65,4,4
2026-03-25T23:00:00Z,2026-03-26T00:00:00Z,6939.25,14.058,4,4
2026-03-26T00:00:00Z,2026-03-26T01:00:00Z,7006.3,19.33,4,4
2026-03-26T01:00:00Z,2026-03-26T02:00:00Z,7074.9,14.035,4,4
2026-03-26T02:00:00Z,2026-03-26T03:00:00Z,7164.25,18.988,4,4
2026-03-26T03:00:00Z,2026-03-26T04:00:00Z,7248.325,14.725,4,4
2026-03-26T04:00:00Z,2026-03-26T05:00:00Z,7275.1,14.062,4,4
2026-03-26T05:00:00Z,2026-03-26T06:00:00Z,7237.55,16.0,4,4
2026-03-26T06:00:00Z,2026-03-26T07:00:00Z,7189.25,63.625,4,4
2026-03-26T07:00:00Z,2026-03-26T08:00:00Z,7132.75,79.065,4,4
2026-03-26T08:00:00Z,2026-03-26T09:00:00Z,7142.075,83.4,4,4
2026-03-26T09:00:00Z,2026-03-26T10:00:00Z,7135.575,55.072,4,4
2026-03-26T10:00:00Z,2026-03-26T11:00:00Z,7130.875,34.88,4,4
2026-03-26T11:00:00Z,2026-03-26T12:00:00Z,7086.65,13.528,4,4
2026-03-26T12:00:00Z,2026-03-26T13:00:00Z,6937.125,4.84,4,4
2026-03-26T13:00:00Z,2026-03-26T14:00:00Z,6701.575,5.9,4,4
2026-03-26T14:00:00Z,2026-03-26T15:00:00Z,6258.6,7.902,4,4
2026-03-26T15:00:00Z,2026-03-26T16:00:00Z,5842.35,37.348,4,4
2026-03-26T16:00:00Z,2026-03-26T17:00:00Z,5676.5,74.855,4,4
2026-03-26T17:00:00Z,2026-03-26T18:00:00Z,5664.2,115.893,4,4
2026-03-26T18:00:00Z,2026-03-26T19:00:00Z,5778.575,151.57,4,4
2026-03-26T19:00:00Z,2026-03-26T20:00:00Z,5893.4,157.358,4,4
2026-03-26T20:00:00Z,2026-03-26T21:00:00Z,5870.475,144.58,4,4
2026-03-26T21:00:00Z,2026-03-26T22:00:00Z,5728.525,128.483,4,4
2026-03-26T22:00:00Z,2026-03-26T23:00:00Z,5566.55,124.345,4,4
2026-03-26T23:00:00Z,2026-03-27T00:00:00Z,5261.325,114.995,4,4
2026-03-27T00:00:00Z,2026-03-27T01:00:00Z,4869.1,119.362,4,4
2026-03-27T01:00:00Z,2026-03-27T02:00:00Z,4408.4,119.47,4,4
2026-03-27T02:00:00Z,2026-03-27T03:00:00Z,3991.1,117.315,4,4
2026-03-27T03:00:00Z,2026-03-27T04:00:00Z,3637.575,117.802,4,4
2026-03-27T04:00:00Z,2026-03-27T05:00:00Z,3259.05,120.218,4,4
2026-03-27T05:00:00Z,2026-03-27T06:00:00Z,2814.75,136.428,4,4
2026-03-27T06:00:00Z,2026-03-27T07:00:00Z,2242.2,172.57,4,4
2026-03-27T07:00:00Z,2026-03-27T08:00:00Z,1836.7,176.438,4,4
2026-03-27T08:00:00Z,2026-03-27T09:00:00Z,1719.275,147.56,4,4
2026-03-27T09:00:00Z,2026-03-27T10:00:00Z,1743.525,113.975,4,4
2026-03-27T10:00:00Z,2026-03-27T11:00:00Z,1850.125,87.248,4,4
2026-03-27T11:00:00Z,2026-03-27T12:00:00Z,1976.675,72.805,4,4
2026-03-27T12:00:00Z,2026-03-27T13:00:00Z,2016.8,63.315,4,4
2026-03-27T13:00:00Z,2026-03-27T14:00:00Z,2002.1,59.598,4,4
2026-03-27T14:00:00Z,2026-03-27T15:00:00Z,1907.05,74.062,4,4
2026-03-27T15:00:00Z,2026-03-27T16:00:00Z,1779.1,92.305,4,4
2026-03-27T16:00:00Z,2026-03-27T17:00:00Z,1834.925,102.868,4,4
2026-03-27T17:00:00Z,2026-03-27T18:00:00Z,2010.45,139.172,4,4
2026-03-27T18:00:00Z,2026-03-27T19:00:00Z,2048.7,158.942,4,4
2026-03-27T19:00:00Z,2026-03-27T20:00:00Z,2076.225,168.302,4,4
2026-03-27T20:00:00Z,2026-03-27T21:00:00Z,2163.5,142.778,4,4
2026-03-27T21:00:00Z,2026-03-27T22:00:00Z,2291.325,118.968,4,4
2026-03-27T22:00:00Z,2026-03-27T23:00:00Z,3469.575,115.975,4,4
2026-03-27T23:00:00Z,2026-03-28T00:00:00Z,3710.125,105.878,4,4
2026-03-28T00:00:00Z,2026-03-28T01:00:00Z,4073.525,64.055,4,4
2026-03-28T01:00:00Z,2026-03-28T02:00:00Z,4529.725,39.568,4,4
2026-03-28T02:00:00Z,2026-03-28T03:00:00Z,4957.325,29.83,4,4
2026-03-28T03:00:00Z,2026-03-28T04:00:00Z,5270.125,23.888,4,4
2026-03-28T04:00:00Z,2026-03-28T05:00:00Z,5356.125,23.818,4,4
2026-03-28T05:00:00Z,2026-03-28T06:00:00Z,5608.75,21.035,4,4
2026-03-28T06:00:00Z,2026-03-28T07:00:00Z,5113.925,32.022,4,4
2026-03-28T07:00:00Z,2026-03-28T08:00:00Z,4011.525,62.442,4,4
2026-03-28T08:00:00Z,2026-03-28T09:00:00Z,3907.75,68.278,4,4
2026-03-28T09:00:00Z,2026-03-28T10:00:00Z,4207.375,44.89,4,4
2026-03-28T10:00:00Z,2026-03-28T11:00:00Z,4653.125,17.515,4,4
2026-03-28T11:00:00Z,2026-03-28T12:00:00Z,5104.85,7.782,4,4
2026-03-28T12:00:00Z,2026-03-28T13:00:00Z,5420.925,6.858,4,4
2026-03-28T13:00:00Z,2026-03-28T14:00:00Z,5362.05,7.912,4,4
2026-03-28T14:00:00Z,2026-03-28T15:00:00Z,5079.275,20.405,4,4
2026-03-28T15:00:00Z,2026-03-28T16:00:00Z,4992.225,54.23,4,4
2026-03-28T16:00:00Z,2026-03-28T17:00:00Z,5008.7,81.03,4,4
2026-03-28T17:00:00Z,2026-03-28T18:00:00Z,4907.9,110.303,4,4
2026-03-28T18:00:00Z,2026-03-28T19:00:00Z,4745.0,138.872,4,4
2026-03-28T19:00:00Z,2026-03-28T20:00:00Z,4537.075,154.015,4,4
2026-03-28T20:00:00Z,2026-03-28T21:00:00Z,4355.375,143.897,4,4
2026-03-28T21:00:00Z,2026-03-28T22:00:00Z,4271.45,131.532,4,4
2026-03-28T22:00:00Z,2026-03-28T23:00:00Z,4115.025,125.27,4,4
2026-03-28T23:00:00Z,2026-03-29T00:00:00Z,3913.25,119.528,4,4
2026-03-29T00:00:00Z,2026-03-29T01:00:00Z,3806.8,114.51,4,4
2026-03-29T01:00:00Z,2026-03-29T02:00:00Z,3697.3,107.658,4,4
2026-03-29T02:00:00Z,2026-03-29T03:00:00Z,3689.1,101.125,4,4
2026-03-29T03:00:00Z,2026-03-29T04:00:00Z,3737.925,105.185,4,4
2026-03-29T04:00:00Z,2026-03-29T05:00:00Z,3719.45,104.565,4,4
2026-03-29T05:00:00Z,2026-03-29T06:00:00Z,3476.375,109.712,4,4
2026-03-29T06:00:00Z,2026-03-29T07:00:00Z,3336.175,114.99,4,4
2026-03-29T07:00:00Z,2026-03-29T08:00:00Z,3395.6,114.798,4,4
2026-03-29T08:00:00Z,2026-03-29T09:00:00Z,3374.6,94.365,4,4
2026-03-29T09:00:00Z,2026-03-29T10:00:00Z,3256.925,74.785,4,4
2026-03-29T10:00:00Z,2026-03-29T11:00:00Z,3150.925,44.625,4,4
2026-03-29T11:00:00Z,2026-03-29T12:00:00Z,3066.75,10.008,4,4
2026-03-29T12:00:00Z,2026-03-29T13:00:00Z,2986.9,3.225,4,4
2026-03-29T13:00:00Z,2026-03-29T14:00:00Z,3035.5,1.352,4,4
2026-03-29T14:00:00Z,2026-03-29T15:00:00Z,3172.125,1.85,4,4
2026-03-29T15:00:00Z,2026-03-29T16:00:00Z,3409.95,2.17,4,4
2026-03-29T16:00:00Z,2026-03-29T17:00:00Z,3973.125,32.495,4,4
2026-03-29T17:00:00Z,2026-03-29T18:00:00Z,4533.95,73.072,4,4
2026-03-29T18:00:00Z,2026-03-29T19:00:00Z,4779.3,95.818,4,4
2026-03-29T19:00:00Z,2026-03-29T20:00:00Z,4973.825,89.128,4,4
2026-03-29T20:00:00Z,2026-03-29T21:00:00Z,5089.475,69.812,4,4
2026-03-29T21:00:00Z,2026-03-29T22:00:00Z,4995.975,49.112,4,4
2026-03-29T22:00:00Z,2026-03-29T23:00:00Z,4999.775,22.428,4,4
2026-03-29T23:00:00Z,2026-03-30T00:00:00Z,4917.9,,4,0
2026-03-30T00:00:00Z,2026-03-30T01:00:00Z,4853.575,9.18,4,4
2026-03-30T01:00:00Z,2026-03-30T02:00:00Z,4744.15,3.722,4,4
2026-03-30T02:00:00Z,2026-03-30T03:00:00Z,4593.075,4.86,4,4
2026-03-30T03:00:00Z,2026-03-30T04:00:00Z,4520.575,3.89,4,4
2026-03-30T04:00:00Z,2026-03-30T05:00:00Z,4366.475,4.365,4,4
2026-03-30T05:00:00Z,2026-03-30T06:00:00Z,4200.375,14.52,4,4
2026-03-30T06:00:00Z,2026-03-30T07:00:00Z,3538.025,63.438,4,4
2026-03-30T07:00:00Z,2026-03-30T08:00:00Z,2826.1,90.282,4,4
2026-03-30T08:00:00Z,2026-03-30T09:00:00Z,3105.475,109.18,4,4
2026-03-30T09:00:00Z,2026-03-30T10:00:00Z,3630.5,96.803,4,4
2026-03-30T10:00:00Z,2026-03-30T11:00:00Z,3929.625,73.82,4,4
2026-03-30T11:00:00Z,2026-03-30T12:00:00Z,3916.6,45.985,4,4
2026-03-30T12:00:00Z,2026-03-30T13:00:00Z,3792.7,23.585,4,4
2026-03-30T13:00:00Z,2026-03-30T14:00:00Z,3633.125,13.23,4,4
2026-03-30T14:00:00Z,2026-03-30T15:00:00Z,3406.65,11.092,4,4
2026-03-30T15:00:00Z,2026-03-30T16:00:00Z,3345.325,13.015,4,4
2026-03-30T16:00:00Z,2026-03-30T17:00:00Z,3537.3,35.062,4,4
2026-03-30T17:00:00Z,2026-03-30T18:00:00Z,3967.15,77.432,4,4
2026-03-30T18:00:00Z,2026-03-30T19:00:00Z,4295.525,104.805,4,4
2026-03-30T19:00:00Z,2026-03-30T20:00:00Z,4451.875,121.618,4,4
2026-03-30T20:00:00Z,2026-03-30T21:00:00Z,4576.475,125.56,4,4
2026-03-30T21:00:00Z,2026-03-30T22:00:00Z,4345.2,122.348,4,4
2026-03-30T22:00:00Z,2026-03-30T23:00:00Z,4107.55,112.852,4,4
2026-03-30T23:00:00Z,2026-03-31T00:00:00Z,3857.9,108.815,4,4
2026-03-31T00:00:00Z,2026-03-31T01:00:00Z,3546.25,102.232,4,4
2026-03-31T01:00:00Z,2026-03-31T02:00:00Z,3255.3,98.72,4,4
2026-03-31T02:00:00Z,2026-03-31T03:00:00Z,3036.95,98.792,4,4
2026-03-31T03:00:00Z,2026-03-31T04:00:00Z,2820.925,99.06,4,4
2026-03-31T04:00:00Z,2026-03-31T05:00:00Z,2385.375,95.765,4,4
2026-03-31T05:00:00Z,2026-03-31T06:00:00Z,2170.025,103.803,4,4
2026-03-31T06:00:00Z,2026-03-31T07:00:00Z,1378.825,133.71,4,4
2026-03-31T07:00:00Z,2026-03-31T08:00:00Z,672.4,144.05,4,4
2026-03-31T08:00:00Z,2026-03-31T09:00:00Z,475.625,146.88,4,4
2026-03-31T09:00:00Z,2026-03-31T10:00:00Z,414.55,126.052,4,4
2026-03-31T10:00:00Z,2026-03-31T11:00:00Z,377.8,99.608,4,4
2026-03-31T11:00:00Z,2026-03-31T12:00:00Z,361.9,87.275,4,4
2026-03-31T12:00:00Z,2026-03-31T13:00:00Z,360.25,78.338,4,4
2026-03-31T13:00:00Z,2026-03-31T14:00:00Z,347.175,55.228,4,4
2026-03-31T14:00:00Z,2026-03-31T15:00:00Z,380.75,53.812,4,4
2026-03-31T15:00:00Z,2026-03-31T16:00:00Z,481.8,62.728,4,4
2026-03-31T16:00:00Z,2026-03-31T17:00:00Z,686.875,82.215,4,4
2026-03-31T17:00:00Z,2026-03-31T18:00:00Z,925.675,110.85,4,4
2026-03-31T18:00:00Z,2026-03-31T19:00:00Z,1045.975,151.135,4,4
2026-03-31T19:00:00Z,2026-03-31T20:00:00Z,1072.025,175.035,4,4
2026-03-31T20:00:00Z,2026-03-31T21:00:00Z,1077.725,176.045,4,4
2026-03-31T21:00:00Z,2026-03-31T22:00:00Z,1780.825,171.758,4,4
2026-03-31T22:00:00Z,2026-03-31T23:00:00Z,2031.925,158.328,4,4
2026-03-31T23:00:00Z,2026-04-01T00:00:00Z,2416.45,148.448,4,4
2026-04-01T00:00:00Z,2026-04-01T01:00:00Z,2864.625,145.458,4,4
2026-04-01T01:00:00Z,2026-04-01T02:00:00Z,3339.175,129.43,4,4
2026-04-01T02:00:00Z,2026-04-01T03:00:00Z,3907.375,125.288,4,4
2026-04-01T03:00:00Z,2026-04-01T04:00:00Z,4490.025,129.378,4,4
2026-04-01T04:00:00Z,2026-04-01T05:00:00Z,4850.775,135.975,4,4
2026-04-01T05:00:00Z,2026-04-01T06:00:00Z,5099.9,148.96,4,4
2026-04-01T06:00:00Z,2026-04-01T07:00:00Z,5025.675,180.885,4,4
2026-04-01T07:00:00Z,2026-04-01T08:00:00Z,4864.25,226.88,4,4
2026-04-01T08:00:00Z,2026-04-01T09:00:00Z,5131.8,199.91,4,4
2026-04-01T09:00:00Z,2026-04-01T10:00:00Z,5533.725,171.453,4,4
2026-04-01T10:00:00Z,2026-04-01T11:00:00Z,5808.625,139.74,4,4
2026-04-01T11:00:00Z,2026-04-01T12:00:00Z,5959.2,128.032,4,4
2026-04-01T12:00:00Z,2026-04-01T13:00:00Z,6047.5,115.028,4,4
2026-04-01T13:00:00Z,2026-04-01T14:00:00Z,6107.75,93.825,4,4
2026-04-01T14:00:00Z,2026-04-01T15:00:00Z,6137.375,86.315,4,4
2026-04-01T15:00:00Z,2026-04-01T16:00:00Z,6362.025,93.825,4,4
2026-04-01T16:00:00Z,2026-04-01T17:00:00Z,6543.75,105.492,4,4
2026-04-01T17:00:00Z,2026-04-01T18:00:00Z,6615.275,130.062,4,4
2026-04-01T18:00:00Z,2026-04-01T19:00:00Z,6573.6,152.075,4,4
2026-04-01T19:00:00Z,2026-04-01T20:00:00Z,6340.975,188.658,4,4
2026-04-01T20:00:00Z,2026-04-01T21:00:00Z,5977.075,181.165,4,4
2026-04-01T21:00:00Z,2026-04-01T22:00:00Z,5525.5,165.75,4,4
2026-04-01T22:00:00Z,2026-04-01T23:00:00Z,4946.625,152.648,4,4
2026-04-01T23:00:00Z,2026-04-02T00:00:00Z,4434.125,131.368,4,4
2026-04-02T00:00:00Z,2026-04-02T01:00:00Z,4005.25,127.11,4,4
2026-04-02T01:00:00Z,2026-04-02T02:00:00Z,3711.325,118.935,4,4
2026-04-02T02:00:00Z,2026-04-02T03:00:00Z,3437.15,114.075,4,4
2026-04-02T03:00:00Z,2026-04-02T04:00:00Z,3153.95,107.77,4,4
2026-04-02T04:00:00Z,2026-04-02T05:00:00Z,2789.575,106.545,4,4
2026-04-02T05:00:00Z,2026-04-02T06:00:00Z,2324.175,118.468,4,4
2026-04-02T06:00:00Z,2026-04-02T07:00:00Z,1970.45,135.215,4,4
2026-04-02T07:00:00Z,2026-04-02T08:00:00Z,1634.05,148.44,4,4
2026-04-02T08:00:00Z,2026-04-02T09:00:00Z,1332.025,152.71,4,4
2026-04-02T09:00:00Z,2026-04-02T10:00:00Z,1173.675,114.242,4,4
2026-04-02T10:00:00Z,2026-04-02T11:00:00Z,1096.35,90.642,4,4
2026-04-02T11:00:00Z,2026-04-02T12:00:00Z,1014.85,74.232,4,4
2026-04-02T12:00:00Z,2026-04-02T13:00:00Z,907.725,59.728,4,4
2026-04-02T13:00:00Z,2026-04-02T14:00:00Z,826.9,42.45,4,4
2026-04-02T14:00:00Z,2026-04-02T15:00:00Z,798.125,52.848,4,4
2026-04-02T15:00:00Z,2026-04-02T16:00:00Z,852.875,73.755,4,4
2026-04-02T16:00:00Z,2026-04-02T17:00:00Z,955.6,91.773,4,4
2026-04-02T17:00:00Z,2026-04-02T18:00:00Z,1000.375,106.728,4,4
2026-04-02T18:00:00Z,2026-04-02T19:00:00Z,982.725,128.11,4,4
2026-04-02T19:00:00Z,2026-04-02T20:00:00Z,985.075,146.368,4,4
2026-04-02T20:00:00Z,2026-04-02T21:00:00Z,1052.875,144.408,4,4
2026-04-02T21:00:00Z,2026-04-02T22:00:00Z,1239.15,136.058,4,4
2026-04-02T22:00:00Z,2026-04-02T23:00:00Z,1165.775,125.905,4,4
2026-04-02T23:00:00Z,2026-04-03T00:00:00Z,1077.75,115.555,4,4
2026-04-03T00:00:00Z,2026-04-03T01:00:00Z,1036.675,124.74,4,4
2026-04-03T01:00:00Z,2026-04-03T02:00:00Z,1036.525,113.255,4,4
2026-04-03T02:00:00Z,2026-04-03T03:00:00Z,986.625,108.128,4,4
2026-04-03T03:00:00Z,2026-04-03T04:00:00Z,900.875,105.26,4,4
2026-04-03T04:00:00Z,2026-04-03T05:00:00Z,726.05,104.49,4,4
2026-04-03T05:00:00Z,2026-04-03T06:00:00Z,537.75,92.68,4,4
2026-04-03T06:00:00Z,2026-04-03T07:00:00Z,246.475,100.172,4,4
2026-04-03T07:00:00Z,2026-04-03T08:00:00Z,131.9,107.105,4,4
2026-04-03T08:00:00Z,2026-04-03T09:00:00Z,118.875,110.322,4,4
2026-04-03T09:00:00Z,2026-04-03T10:00:00Z,129.5,98.875,4,4
2026-04-03T10:00:00Z,2026-04-03T11:00:00Z,183.85,85.565,4,4
2026-04-03T11:00:00Z,2026-04-03T12:00:00Z,267.725,52.795,4,4
2026-04-03T12:00:00Z,2026-04-03T13:00:00Z,313.85,27.832,4,4
2026-04-03T13:00:00Z,2026-04-03T14:00:00Z,313.375,20.658,4,4
2026-04-03T14:00:00Z,2026-04-03T15:00:00Z,303.575,24.358,4,4
2026-04-03T15:00:00Z,2026-04-03T16:00:00Z,323.775,24.725,4,4
2026-04-03T16:00:00Z,2026-04-03T17:00:00Z,451.5,32.425,4,4
2026-04-03T17:00:00Z,2026-04-03T18:00:00Z,656.675,66.023,4,4
2026-04-03T18:00:00Z,2026-04-03T19:00:00Z,789.9,88.968,4,4
2026-04-03T19:00:00Z,2026-04-03T20:00:00Z,812.0,99.382,4,4
2026-04-03T20:00:00Z,2026-04-03T21:00:00Z,829.75,95.382,4,4
2026-04-03T21:00:00Z,2026-04-03T22:00:00Z,1008.325,84.158,4,4
2026-04-03T22:00:00Z,2026-04-03T23:00:00Z,1094.55,66.04,4,4
2026-04-03T23:00:00Z,2026-04-04T00:00:00Z,1136.0,49.613,4,4
2026-04-04T00:00:00Z,2026-04-04T01:00:00Z,1212.45,30.162,4,4
2026-04-04T01:00:00Z,2026-04-04T02:00:00Z,1410.725,17.49,4,4
2026-04-04T02:00:00Z,2026-04-04T03:00:00Z,1669.425,18.505,4,4
2026-04-04T03:00:00Z,2026-04-04T04:00:00Z,1943.25,11.35,4,4
2026-04-04T04:00:00Z,2026-04-04T05:00:00Z,2066.45,9.488,4,4
2026-04-04T05:00:00Z,2026-04-04T06:00:00Z,2496.125,11.75,4,4
2026-04-04T06:00:00Z,2026-04-04T07:00:00Z,1718.275,13.495,4,4
2026-04-04T07:00:00Z,2026-04-04T08:00:00Z,860.3,19.135,4,4
2026-04-04T08:00:00Z,2026-04-04T09:00:00Z,975.85,16.692,4,4
2026-04-04T09:00:00Z,2026-04-04T10:00:00Z,1202.575,6.988,4,4
2026-04-04T10:00:00Z,2026-04-04T11:00:00Z,1397.425,3.21,4,4
2026-04-04T11:00:00Z,2026-04-04T12:00:00Z,1543.2,1.755,4,4
2026-04-04T12:00:00Z,2026-04-04T13:00:00Z,1555.775,1.715,4,4
2026-04-04T13:00:00Z,2026-04-04T14:00:00Z,1534.875,1.74,4,4
2026-04-04T14:00:00Z,2026-04-04T15:00:00Z,1508.0,1.585,4,4
2026-04-04T15:00:00Z,2026-04-04T16:00:00Z,1448.025,2.04,4,4
2026-04-04T16:00:00Z,2026-04-04T17:00:00Z,1501.1,10.778,4,4
2026-04-04T17:00:00Z,2026-04-04T18:00:00Z,1636.3,28.002,4,4
2026-04-04T18:00:00Z,2026-04-04T19:00:00Z,1554.325,55.683,4,4
2026-04-04T19:00:00Z,2026-04-04T20:00:00Z,1407.9,122.972,4,4
2026-04-04T20:00:00Z,2026-04-04T21:00:00Z,1261.275,120.4,4,4
2026-04-04T21:00:00Z,2026-04-04T22:00:00Z,1479.3,96.088,4,4
2026-04-04T22:00:00Z,2026-04-04T23:00:00Z,1236.05,73.915,4,4
2026-04-04T23:00:00Z,2026-04-05T00:00:00Z,1093.025,41.83,4,4
2026-04-05T00:00:00Z,2026-04-05T01:00:00Z,1024.225,4.41,4,4
2026-04-05T01:00:00Z,2026-04-05T02:00:00Z,1022.325,2.61,4,4
2026-04-05T02:00:00Z,2026-04-05T03:00:00Z,991.25,3.285,4,4
2026-04-05T03:00:00Z,2026-04-05T04:00:00Z,960.125,3.775,4,4
2026-04-05T04:00:00Z,2026-04-05T05:00:00Z,895.325,3.922,4,4
2026-04-05T05:00:00Z,2026-04-05T06:00:00Z,738.1,3.935,4,4
2026-04-05T06:00:00Z,2026-04-05T07:00:00Z,639.525,3.035,4,4
2026-04-05T07:00:00Z,2026-04-05T08:00:00Z,772.85,1.5,4,4
2026-04-05T08:00:00Z,2026-04-05T09:00:00Z,1018.5,1.605,4,4
2026-04-05T09:00:00Z,2026-04-05T10:00:00Z,1279.45,0.118,4,4
2026-04-05T10:00:00Z,2026-04-05T11:00:00Z,1578.3,-1.338,4,4
2026-04-05T11:00:00Z,2026-04-05T12:00:00Z,1902.25,-3.35,4,4
2026-04-05T12:00:00Z,2026-04-05T13:00:00Z,2215.8,-3.982,4,4
2026-04-05T13:00:00Z,2026-04-05T14:00:00Z,2555.175,-5.47,4,4
2026-04-05T14:00:00Z,2026-04-05T15:00:00Z,2893.675,-5.98,4,4
2026-04-05T15:00:00Z,2026-04-05T16:00:00Z,3444.425,-5.852,4,4
2026-04-05T16:00:00Z,2026-04-05T17:00:00Z,4262.475,-5.652,4,4
2026-04-05T17:00:00Z,2026-04-05T18:00:00Z,5041.725,-2.665,4,4
2026-04-05T18:00:00Z,2026-04-05T19:00:00Z,5411.55,0.13,4,4
2026-04-05T19:00:00Z,2026-04-05T20:00:00Z,5483.375,10.22,4,4
2026-04-05T20:00:00Z,2026-04-05T21:00:00Z,5414.375,12.132,4,4
2026-04-05T21:00:00Z,2026-04-05T22:00:00Z,5651.7,10.96,4,4
2026-04-05T22:00:00Z,2026-04-05T23:00:00Z,5542.675,9.992,4,4
2026-04-05T23:00:00Z,2026-04-06T00:00:00Z,5442.0,8.56,4,4
2026-04-06T00:00:00Z,2026-04-06T01:00:00Z,5374.55,3.24,4,4
2026-04-06T01:00:00Z,2026-04-06T02:00:00Z,5245.15,1.99,4,4
2026-04-06T02:00:00Z,2026-04-06T03:00:00Z,4887.35,1.038,4,4
2026-04-06T03:00:00Z,2026-04-06T04:00:00Z,4478.375,1.36,4,4
2026-04-06T04:00:00Z,2026-04-06T05:00:00Z,4072.225,1.06,4,4
2026-04-06T05:00:00Z,2026-04-06T06:00:00Z,3720.3,2.11,4,4
2026-04-06T06:00:00Z,2026-04-06T07:00:00Z,3299.375,1.985,4,4
2026-04-06T07:00:00Z,2026-04-06T08:00:00Z,2807.7,1.332,4,4
2026-04-06T08:00:00Z,2026-04-06T09:00:00Z,2433.525,-0.622,4,4
2026-04-06T09:00:00Z,2026-04-06T10:00:00Z,2117.15,-1.062,4,4
2026-04-06T10:00:00Z,2026-04-06T11:00:00Z,1880.225,-1.378,4,4
2026-04-06T11:00:00Z,2026-04-06T12:00:00Z,1802.35,-2.355,4,4
2026-04-06T12:00:00Z,2026-04-06T13:00:00Z,1727.5,-3.252,4,4
2026-04-06T13:00:00Z,2026-04-06T14:00:00Z,1795.35,-3.602,4,4
2026-04-06T14:00:00Z,2026-04-06T15:00:00Z,1972.4,-3.538,4,4
2026-04-06T15:00:00Z,2026-04-06T16:00:00Z,2238.8,-2.988,4,4
2026-04-06T16:00:00Z,2026-04-06T17:00:00Z,2691.225,-1.25,4,4
2026-04-06T17:00:00Z,2026-04-06T18:00:00Z,3155.325,0.51,4,4
2026-04-06T18:00:00Z,2026-04-06T19:00:00Z,3527.325,27.135,4,4
2026-04-06T19:00:00Z,2026-04-06T20:00:00Z,3647.875,26.635,4,4
2026-04-06T20:00:00Z,2026-04-06T21:00:00Z,3552.25,29.558,4,4
2026-04-06T21:00:00Z,2026-04-06T22:00:00Z,3247.175,24.127,4,4
2026-04-06T22:00:00Z,2026-04-06T23:00:00Z,3184.8,15.485,4,4
2026-04-06T23:00:00Z,2026-04-07T00:00:00Z,3111.125,15.405,4,4
2026-04-07T00:00:00Z,2026-04-07T01:00:00Z,3060.125,41.992,4,4
2026-04-07T01:00:00Z,2026-04-07T02:00:00Z,3130.25,41.245,4,4
2026-04-07T02:00:00Z,2026-04-07T03:00:00Z,3315.525,70.238,4,4
2026-04-07T03:00:00Z,2026-04-07T04:00:00Z,3470.85,61.128,4,4
2026-04-07T04:00:00Z,2026-04-07T05:00:00Z,3436.925,62.998,4,4
2026-04-07T05:00:00Z,2026-04-07T06:00:00Z,3392.9,81.035,4,4
2026-04-07T06:00:00Z,2026-04-07T07:00:00Z,3446.275,132.555,4,4
2026-04-07T07:00:00Z,2026-04-07T08:00:00Z,3566.85,159.58,4,4
2026-04-07T08:00:00Z,2026-04-07T09:00:00Z,3647.35,127.805,4,4
2026-04-07T09:00:00Z,2026-04-07T10:00:00Z,3668.1,81.778,4,4
2026-04-07T10:00:00Z,2026-04-07T11:00:00Z,3694.6,24.89,4,4
2026-04-07T11:00:00Z,2026-04-07T12:00:00Z,3633.975,1.09,4,4
2026-04-07T12:00:00Z,2026-04-07T13:00:00Z,3667.775,-0.848,4,4
2026-04-07T13:00:00Z,2026-04-07T14:00:00Z,3766.625,-2.532,4,4
2026-04-07T14:00:00Z,2026-04-07T15:00:00Z,3802.85,9.402,4,4
2026-04-07T15:00:00Z,2026-04-07T16:00:00Z,3818.425,9.55,4,4
2026-04-07T16:00:00Z,2026-04-07T17:00:00Z,4068.875,10.78,4,4
2026-04-07T17:00:00Z,2026-04-07T18:00:00Z,4483.575,76.602,4,4
2026-04-07T18:00:00Z,2026-04-07T19:00:00Z,4725.8,137.955,4,4
2026-04-07T19:00:00Z,2026-04-07T20:00:00Z,4752.3,193.972,4,4
2026-04-07T20:00:00Z,2026-04-07T21:00:00Z,4622.025,184.915,4,4
2026-04-07T21:00:00Z,2026-04-07T22:00:00Z,4528.45,145.79,4,4
2026-04-07T22:00:00Z,2026-04-07T23:00:00Z,4398.85,128.945,4,4
2026-04-07T23:00:00Z,2026-04-08T00:00:00Z,4262.675,118.145,4,4
2026-04-08T00:00:00Z,2026-04-08T01:00:00Z,4181.15,107.132,4,4
2026-04-08T01:00:00Z,2026-04-08T02:00:00Z,4083.0,102.175,4,4
2026-04-08T02:00:00Z,2026-04-08T03:00:00Z,3907.725,100.795,4,4
2026-04-08T03:00:00Z,2026-04-08T04:00:00Z,3637.775,103.468,4,4
2026-04-08T04:00:00Z,2026-04-08T05:00:00Z,3291.2,107.482,4,4
2026-04-08T05:00:00Z,2026-04-08T06:00:00Z,2430.075,116.91,4,4
2026-04-08T06:00:00Z,2026-04-08T07:00:00Z,1686.025,149.81,4,4
2026-04-08T07:00:00Z,2026-04-08T08:00:00Z,1369.475,168.812,4,4
2026-04-08T08:00:00Z,2026-04-08T09:00:00Z,1209.925,138.512,4,4
2026-04-08T09:00:00Z,2026-04-08T10:00:00Z,1113.0,97.44,4,4
2026-04-08T10:00:00Z,2026-04-08T11:00:00Z,1029.375,64.158,4,4
2026-04-08T11:00:00Z,2026-04-08T12:00:00Z,966.575,35.75,4,4
2026-04-08T12:00:00Z,2026-04-08T13:00:00Z,920.5,38.933,4,4
2026-04-08T13:00:00Z,2026-04-08T14:00:00Z,899.125,37.55,4,4
2026-04-08T14:00:00Z,2026-04-08T15:00:00Z,878.175,36.842,4,4
2026-04-08T15:00:00Z,2026-04-08T16:00:00Z,926.45,34.478,4,4
2026-04-08T16:00:00Z,2026-04-08T17:00:00Z,1158.025,40.735,4,4
2026-04-08T17:00:00Z,2026-04-08T18:00:00Z,1579.7,91.485,4,4
2026-04-08T18:00:00Z,2026-04-08T19:00:00Z,2128.05,134.262,4,4
2026-04-08T19:00:00Z,2026-04-08T20:00:00Z,2759.45,170.022,4,4
2026-04-08T20:00:00Z,2026-04-08T21:00:00Z,3321.5,160.552,4,4
2026-04-08T21:00:00Z,2026-04-08T22:00:00Z,3519.85,137.098,4,4
2026-04-08T22:00:00Z,2026-04-08T23:00:00Z,3442.175,121.395,4,4
2026-04-08T23:00:00Z,2026-04-09T00:00:00Z,3209.25,109.47,4,4
2026-04-09T00:00:00Z,2026-04-09T01:00:00Z,3060.85,103.917,4,4
2026-04-09T01:00:00Z,2026-04-09T02:00:00Z,2929.675,101.09,4,4
2026-04-09T02:00:00Z,2026-04-09T03:00:00Z,2673.3,101.085,4,4
2026-04-09T03:00:00Z,2026-04-09T04:00:00Z,2361.75,101.852,4,4
2026-04-09T04:00:00Z,2026-04-09T05:00:00Z,2013.95,105.095,4,4
2026-04-09T05:00:00Z,2026-04-09T06:00:00Z,1347.1,115.178,4,4
2026-04-09T06:00:00Z,2026-04-09T07:00:00Z,864.575,136.005,4,4
2026-04-09T07:00:00Z,2026-04-09T08:00:00Z,742.9,146.625,4,4
2026-04-09T08:00:00Z,2026-04-09T09:00:00Z,724.325,128.762,4,4
2026-04-09T09:00:00Z,2026-04-09T10:00:00Z,769.275,98.852,4,4
2026-04-09T10:00:00Z,2026-04-09T11:00:00Z,855.625,55.132,4,4
2026-04-09T11:00:00Z,2026-04-09T12:00:00Z,900.0,18.522,4,4
2026-04-09T12:00:00Z,2026-04-09T13:00:00Z,889.025,13.668,4,4
2026-04-09T13:00:00Z,2026-04-09T14:00:00Z,878.55,11.202,4,4
2026-04-09T14:00:00Z,2026-04-09T15:00:00Z,919.75,13.63,4,4
2026-04-09T15:00:00Z,2026-04-09T16:00:00Z,1153.85,14.008,4,4
2026-04-09T16:00:00Z,2026-04-09T17:00:00Z,1750.9,27.248,4,4
2026-04-09T17:00:00Z,2026-04-09T18:00:00Z,2597.075,80.235,4,4
2026-04-09T18:00:00Z,2026-04-09T19:00:00Z,3456.25,109.06,4,4
2026-04-09T19:00:00Z,2026-04-09T20:00:00Z,4093.775,120.758,4,4
2026-04-09T20:00:00Z,2026-04-09T21:00:00Z,4510.075,110.455,4,4
2026-04-09T21:00:00Z,2026-04-09T22:00:00Z,4730.8,95.362,4,4
2026-04-09T22:00:00Z,2026-04-09T23:00:00Z,4735.25,72.95,4,4
2026-04-09T23:00:00Z,2026-04-10T00:00:00Z,4594.025,43.015,4,4
2026-04-10T00:00:00Z,2026-04-10T01:00:00Z,4311.075,56.308,4,4
2026-04-10T01:00:00Z,2026-04-10T02:00:00Z,3941.525,49.532,4,4
2026-04-10T02:00:00Z,2026-04-10T03:00:00Z,3502.95,42.125,4,4
2026-04-10T03:00:00Z,2026-04-10T04:00:00Z,3004.475,37.078,4,4
2026-04-10T04:00:00Z,2026-04-10T05:00:00Z,2530.525,47.595,4,4
2026-04-10T05:00:00Z,2026-04-10T06:00:00Z,1779.05,64.773,4,4
2026-04-10T06:00:00Z,2026-04-10T07:00:00Z,932.075,104.092,4,4
2026-04-10T07:00:00Z,2026-04-10T08:00:00Z,588.0,123.862,4,4
2026-04-10T08:00:00Z,2026-04-10T09:00:00Z,505.65,122.498,4,4
2026-04-10T09:00:00Z,2026-04-10T10:00:00Z,488.55,119.238,4,4
2026-04-10T10:00:00Z,2026-04-10T11:00:00Z,501.125,109.81,4,4
2026-04-10T11:00:00Z,2026-04-10T12:00:00Z,504.125,102.968,4,4
2026-04-10T12:00:00Z,2026-04-10T13:00:00Z,502.025,92.07,4,4
2026-04-10T13:00:00Z,2026-04-10T14:00:00Z,500.2,88.918,4,4
2026-04-10T14:00:00Z,2026-04-10T15:00:00Z,542.825,87.38,4,4
2026-04-10T15:00:00Z,2026-04-10T16:00:00Z,689.6,93.998,4,4
2026-04-10T16:00:00Z,2026-04-10T17:00:00Z,1005.875,108.768,4,4
2026-04-10T17:00:00Z,2026-04-10T18:00:00Z,1493.25,130.107,4,4
2026-04-10T18:00:00Z,2026-04-10T19:00:00Z,1950.775,155.302,4,4
2026-04-10T19:00:00Z,2026-04-10T20:00:00Z,2276.475,229.122,4,4
2026-04-10T20:00:00Z,2026-04-10T21:00:00Z,2482.525,243.815,4,4
2026-04-10T21:00:00Z,2026-04-10T22:00:00Z,2802.1,173.77,4,4
2026-04-10T22:00:00Z,2026-04-10T23:00:00Z,2837.175,144.682,4,4
2026-04-10T23:00:00Z,2026-04-11T00:00:00Z,2699.375,128.023,4,4
2026-04-11T00:00:00Z,2026-04-11T01:00:00Z,2436.875,132.585,4,4
2026-04-11T01:00:00Z,2026-04-11T02:00:00Z,2121.95,120.64,4,4
2026-04-11T02:00:00Z,2026-04-11T03:00:00Z,1806.975,114.39,4,4
2026-04-11T03:00:00Z,2026-04-11T04:00:00Z,1506.775,112.35,4,4
2026-04-11T04:00:00Z,2026-04-11T05:00:00Z,1285.8,110.845,4,4
2026-04-11T05:00:00Z,2026-04-11T06:00:00Z,1254.6,108.37,4,4
2026-04-11T06:00:00Z,2026-04-11T07:00:00Z,738.375,106.612,4,4
2026-04-11T07:00:00Z,2026-04-11T08:00:00Z,338.525,93.235,4,4
2026-04-11T08:00:00Z,2026-04-11T09:00:00Z,360.3,68.305,4,4
2026-04-11T09:00:00Z,2026-04-11T10:00:00Z,447.05,34.75,4,4
2026-04-11T10:00:00Z,2026-04-11T11:00:00Z,491.35,19.738,4,4
2026-04-11T11:00:00Z,2026-04-11T12:00:00Z,475.7,13.082,4,4
2026-04-11T12:00:00Z,2026-04-11T13:00:00Z,439.425,14.022,4,4
2026-04-11T13:00:00Z,2026-04-11T14:00:00Z,403.2,10.248,4,4
2026-04-11T14:00:00Z,2026-04-11T15:00:00Z,451.025,7.97,4,4
2026-04-11T15:00:00Z,2026-04-11T16:00:00Z,604.85,13.07,4,4
2026-04-11T16:00:00Z,2026-04-11T17:00:00Z,889.8,4.962,4,4
2026-04-11T17:00:00Z,2026-04-11T18:00:00Z,1229.45,15.63,4,4
2026-04-11T18:00:00Z,2026-04-11T19:00:00Z,1545.525,42.558,4,4
2026-04-11T19:00:00Z,2026-04-11T20:00:00Z,1792.65,60.662,4,4
2026-04-11T20:00:00Z,2026-04-11T21:00:00Z,1955.5,53.98,4,4
2026-04-11T21:00:00Z,2026-04-11T22:00:00Z,2358.625,42.96,4,4
2026-04-11T22:00:00Z,2026-04-11T23:00:00Z,2499.575,41.49,4,4
2026-04-11T23:00:00Z,2026-04-12T00:00:00Z,2495.525,38.6,4,4
2026-04-12T00:00:00Z,2026-04-12T01:00:00Z,2358.575,35.132,4,4
2026-04-12T01:00:00Z,2026-04-12T02:00:00Z,2241.4,36.055,4,4
2026-04-12T02:00:00Z,2026-04-12T03:00:00Z,2153.175,37.868,4,4
2026-04-12T03:00:00Z,2026-04-12T04:00:00Z,2048.7,41.362,4,4
2026-04-12T04:00:00Z,2026-04-12T05:00:00Z,1807.25,41.207,4,4
2026-04-12T05:00:00Z,2026-04-12T06:00:00Z,1793.3,48.978,4,4
2026-04-12T06:00:00Z,2026-04-12T07:00:00Z,1191.45,77.52,4,4
2026-04-12T07:00:00Z,2026-04-12T08:00:00Z,534.475,84.208,4,4
2026-04-12T08:00:00Z,2026-04-12T09:00:00Z,530.05,74.722,4,4
2026-04-12T09:00:00Z,2026-04-12T10:00:00Z,596.85,52.31,4,4
2026-04-12T10:00:00Z,2026-04-12T11:00:00Z,592.95,31.215,4,4
2026-04-12T11:00:00Z,2026-04-12T12:00:00Z,550.925,22.848,4,4
2026-04-12T12:00:00Z,2026-04-12T13:00:00Z,496.275,16.508,4,4
2026-04-12T13:00:00Z,2026-04-12T14:00:00Z,466.575,13.448,4,4
2026-04-12T14:00:00Z,2026-04-12T15:00:00Z,510.15,12.822,4,4
2026-04-12T15:00:00Z,2026-04-12T16:00:00Z,667.975,18.35,4,4
2026-04-12T16:00:00Z,2026-04-12T17:00:00Z,1013.575,64.99,4,4
2026-04-12T17:00:00Z,2026-04-12T18:00:00Z,1525.175,104.938,4,4
2026-04-12T18:00:00Z,2026-04-12T19:00:00Z,1963.375,134.118,4,4
2026-04-12T19:00:00Z,2026-04-12T20:00:00Z,2225.85,144.758,4,4
2026-04-12T20:00:00Z,2026-04-12T21:00:00Z,2255.45,146.793,4,4
2026-04-12T21:00:00Z,2026-04-12T22:00:00Z,2424.95,136.71,4,4
2026-04-12T22:00:00Z,2026-04-12T23:00:00Z,2211.625,130.572,4,4
2026-04-12T23:00:00Z,2026-04-13T00:00:00Z,2037.4,120.995,4,4
2026-04-13T00:00:00Z,2026-04-13T01:00:00Z,1899.725,116.512,4,4
2026-04-13T01:00:00Z,2026-04-13T02:00:00Z,1712.875,109.768,4,4
2026-04-13T02:00:00Z,2026-04-13T03:00:00Z,1537.075,107.288,4,4
2026-04-13T03:00:00Z,2026-04-13T04:00:00Z,1345.675,107.565,4,4
2026-04-13T04:00:00Z,2026-04-13T05:00:00Z,1130.775,109.488,4,4
2026-04-13T05:00:00Z,2026-04-13T06:00:00Z,1021.875,115.512,4,4
2026-04-13T06:00:00Z,2026-04-13T07:00:00Z,593.625,132.502,4,4
2026-04-13T07:00:00Z,2026-04-13T08:00:00Z,226.0,141.742,4,4
2026-04-13T08:00:00Z,2026-04-13T09:00:00Z,174.6,169.922,4,4
2026-04-13T09:00:00Z,2026-04-13T10:00:00Z,175.125,158.047,4,4
2026-04-13T10:00:00Z,2026-04-13T11:00:00Z,199.95,136.118,4,4
2026-04-13T11:00:00Z,2026-04-13T12:00:00Z,243.075,113.895,4,4
2026-04-13T12:00:00Z,2026-04-13T13:00:00Z,257.85,102.838,4,4
2026-04-13T13:00:00Z,2026-04-13T14:00:00Z,274.6,95.625,4,4
2026-04-13T14:00:00Z,2026-04-13T15:00:00Z,295.1,85.922,4,4
2026-04-13T15:00:00Z,2026-04-13T16:00:00Z,371.5,83.135,4,4
2026-04-13T16:00:00Z,2026-04-13T17:00:00Z,581.6,76.408,4,4
2026-04-13T17:00:00Z,2026-04-13T18:00:00Z,871.4,103.255,4,4
2026-04-13T18:00:00Z,2026-04-13T19:00:00Z,984.6,109.128,4,4
2026-04-13T19:00:00Z,2026-04-13T20:00:00Z,1079.7,109.23,4,4
2026-04-13T20:00:00Z,2026-04-13T21:00:00Z,1143.1,100.242,4,4
2026-04-13T21:00:00Z,2026-04-13T22:00:00Z,1160.125,67.458,4,4
2026-04-13T22:00:00Z,2026-04-13T23:00:00Z,1090.8,57.762,4,4
2026-04-13T23:00:00Z,2026-04-14T00:00:00Z,1151.725,54.578,4,4
2026-04-14T00:00:00Z,2026-04-14T01:00:00Z,1226.325,72.998,4,4
2026-04-14T01:00:00Z,2026-04-14T02:00:00Z,1305.65,71.0,4,4
2026-04-14T02:00:00Z,2026-04-14T03:00:00Z,1369.275,73.273,4,4
2026-04-14T03:00:00Z,2026-04-14T04:00:00Z,1356.9,75.423,4,4
2026-04-14T04:00:00Z,2026-04-14T05:00:00Z,1263.15,79.372,4,4
2026-04-14T05:00:00Z,2026-04-14T06:00:00Z,1387.45,88.43,4,4
2026-04-14T06:00:00Z,2026-04-14T07:00:00Z,924.225,129.38,4,4
2026-04-14T07:00:00Z,2026-04-14T08:00:00Z,319.225,159.848,4,4
2026-04-14T08:00:00Z,2026-04-14T09:00:00Z,226.15,161.52,4,4
2026-04-14T09:00:00Z,2026-04-14T10:00:00Z,232.475,141.722,4,4
2026-04-14T10:00:00Z,2026-04-14T11:00:00Z,245.375,126.502,4,4
2026-04-14T11:00:00Z,2026-04-14T12:00:00Z,255.35,116.492,4,4
2026-04-14T12:00:00Z,2026-04-14T13:00:00Z,270.1,109.495,4,4
2026-04-14T13:00:00Z,2026-04-14T14:00:00Z,306.65,104.688,4,4
2026-04-14T14:00:00Z,2026-04-14T15:00:00Z,382.25,108.898,4,4
2026-04-14T15:00:00Z,2026-04-14T16:00:00Z,533.7,115.558,4,4
2026-04-14T16:00:00Z,2026-04-14T17:00:00Z,830.725,121.685,4,4
2026-04-14T17:00:00Z,2026-04-14T18:00:00Z,1120.525,137.427,4,4
2026-04-14T18:00:00Z,2026-04-14T19:00:00Z,1271.9,160.005,4,4
2026-04-14T19:00:00Z,2026-04-14T20:00:00Z,1343.5,224.735,4,4
2026-04-14T20:00:00Z,2026-04-14T21:00:00Z,1363.775,234.262,4,4
2026-04-14T21:00:00Z,2026-04-14T22:00:00Z,1542.1,165.932,4,4
2026-04-14T22:00:00Z,2026-04-14T23:00:00Z,1370.825,148.778,4,4
2026-04-14T23:00:00Z,2026-04-15T00:00:00Z,1206.0,134.82,4,4
2026-04-15T00:00:00Z,2026-04-15T01:00:00Z,1063.225,121.59,4,4
2026-04-15T01:00:00Z,2026-04-15T02:00:00Z,956.25,116.45,4,4
2026-04-15T02:00:00Z,2026-04-15T03:00:00Z,872.325,111.765,4,4
2026-04-15T03:00:00Z,2026-04-15T04:00:00Z,793.475,110.01,4,4
2026-04-15T04:00:00Z,2026-04-15T05:00:00Z,729.15,110.835,4,4
2026-04-15T05:00:00Z,2026-04-15T06:00:00Z,721.35,123.175,4,4
2026-04-15T06:00:00Z,2026-04-15T07:00:00Z,504.5,148.448,4,4
2026-04-15T07:00:00Z,2026-04-15T08:00:00Z,210.1,159.558,4,4
2026-04-15T08:00:00Z,2026-04-15T09:00:00Z,131.3,140.102,4,4
2026-04-15T09:00:00Z,2026-04-15T10:00:00Z,129.35,116.39,4,4
2026-04-15T10:00:00Z,2026-04-15T11:00:00Z,147.425,100.72,4,4
2026-04-15T11:00:00Z,2026-04-15T12:00:00Z,179.65,79.195,4,4
2026-04-15T12:00:00Z,2026-04-15T13:00:00Z,262.425,61.675,4,4
2026-04-15T13:00:00Z,2026-04-15T14:00:00Z,376.9,55.355,4,4
2026-04-15T14:00:00Z,2026-04-15T15:00:00Z,556.1,69.61,4,4
2026-04-15T15:00:00Z,2026-04-15T16:00:00Z,782.9,81.56,4,4
2026-04-15T16:00:00Z,2026-04-15T17:00:00Z,1012.325,99.178,4,4
2026-04-15T17:00:00Z,2026-04-15T18:00:00Z,1227.2,124.84,4,4
2026-04-15T18:00:00Z,2026-04-15T19:00:00Z,1355.175,142.44,4,4
2026-04-15T19:00:00Z,2026-04-15T20:00:00Z,1240.8,179.56,4,4
2026-04-15T20:00:00Z,2026-04-15T21:00:00Z,1055.625,180.845,4,4
2026-04-15T21:00:00Z,2026-04-15T22:00:00Z,1902.275,148.058,4,4
2026-04-15T22:00:00Z,2026-04-15T23:00:00Z,1605.325,132.692,4,4
2026-04-15T23:00:00Z,2026-04-16T00:00:00Z,1233.875,117.77,4,4
2026-04-16T00:00:00Z,2026-04-16T01:00:00Z,910.575,106.215,4,4
2026-04-16T01:00:00Z,2026-04-16T02:00:00Z,708.9,101.398,4,4
2026-04-16T02:00:00Z,2026-04-16T03:00:00Z,660.85,99.595,4,4
2026-04-16T03:00:00Z,2026-04-16T04:00:00Z,676.675,98.365,4,4
2026-04-16T04:00:00Z,2026-04-16T05:00:00Z,693.425,100.902,4,4
2026-04-16T05:00:00Z,2026-04-16T06:00:00Z,690.75,108.262,4,4
2026-04-16T06:00:00Z,2026-04-16T07:00:00Z,463.8,141.825,4,4
2026-04-16T07:00:00Z,2026-04-16T08:00:00Z,306.675,145.248,4,4
2026-04-16T08:00:00Z,2026-04-16T09:00:00Z,375.05,136.218,4,4
2026-04-16T09:00:00Z,2026-04-16T10:00:00Z,521.45,112.088,4,4
2026-04-16T10:00:00Z,2026-04-16T11:00:00Z,671.775,95.742,4,4
2026-04-16T11:00:00Z,2026-04-16T12:00:00Z,812.0,76.472,4,4
2026-04-16T12:00:00Z,2026-04-16T13:00:00Z,931.475,66.49,4,4
2026-04-16T13:00:00Z,2026-04-16T14:00:00Z,1022.475,62.68,4,4
2026-04-16T14:00:00Z,2026-04-16T15:00:00Z,1108.8,62.798,4,4
2026-04-16T15:00:00Z,2026-04-16T16:00:00Z,1267.375,71.465,4,4
2026-04-16T16:00:00Z,2026-04-16T17:00:00Z,1671.2,88.715,4,4
2026-04-16T17:00:00Z,2026-04-16T18:00:00Z,2313.1,111.878,4,4
2026-04-16T18:00:00Z,2026-04-16T19:00:00Z,2917.475,131.532,4,4
2026-04-16T19:00:00Z,2026-04-16T20:00:00Z,3257.375,166.685,4,4
2026-04-16T20:00:00Z,2026-04-16T21:00:00Z,3306.875,187.342,4,4
2026-04-16T21:00:00Z,2026-04-16T22:00:00Z,3339.95,155.025,4,4
2026-04-16T22:00:00Z,2026-04-16T23:00:00Z,3130.6,138.767,4,4
2026-04-16T23:00:00Z,2026-04-17T00:00:00Z,2929.475,127.362,4,4
2026-04-17T00:00:00Z,2026-04-17T01:00:00Z,2770.675,121.775,4,4
2026-04-17T01:00:00Z,2026-04-17T02:00:00Z,2670.625,115.523,4,4
2026-04-17T02:00:00Z,2026-04-17T03:00:00Z,2550.85,112.532,4,4
2026-04-17T03:00:00Z,2026-04-17T04:00:00Z,2296.1,108.515,4,4
2026-04-17T04:00:00Z,2026-04-17T05:00:00Z,2052.975,111.47,4,4
2026-04-17T05:00:00Z,2026-04-17T06:00:00Z,1454.175,120.2,4,4
2026-04-17T06:00:00Z,2026-04-17T07:00:00Z,656.0,145.805,4,4
2026-04-17T07:00:00Z,2026-04-17T08:00:00Z,449.875,149.96,4,4
2026-04-17T08:00:00Z,2026-04-17T09:00:00Z,653.675,129.002,4,4
2026-04-17T09:00:00Z,2026-04-17T10:00:00Z,789.675,102.408,4,4
2026-04-17T10:00:00Z,2026-04-17T11:00:00Z,874.0,90.078,4,4
2026-04-17T11:00:00Z,2026-04-17T12:00:00Z,976.95,66.928,4,4
2026-04-17T12:00:00Z,2026-04-17T13:00:00Z,1069.45,54.957,4,4
2026-04-17T13:00:00Z,2026-04-17T14:00:00Z,1119.575,48.458,4,4
2026-04-17T14:00:00Z,2026-04-17T15:00:00Z,1173.15,47.255,4,4
2026-04-17T15:00:00Z,2026-04-17T16:00:00Z,1290.975,59.392,4,4
2026-04-17T16:00:00Z,2026-04-17T17:00:00Z,1615.8,81.815,4,4
2026-04-17T17:00:00Z,2026-04-17T18:00:00Z,2188.925,102.31,4,4
2026-04-17T18:00:00Z,2026-04-17T19:00:00Z,2632.625,126.755,4,4
2026-04-17T19:00:00Z,2026-04-17T20:00:00Z,2812.475,157.405,4,4
2026-04-17T20:00:00Z,2026-04-17T21:00:00Z,2703.25,157.102,4,4
2026-04-17T21:00:00Z,2026-04-17T22:00:00Z,2560.95,137.99,4,4
2026-04-17T22:00:00Z,2026-04-17T23:00:00Z,2220.375,123.91,4,4
2026-04-17T23:00:00Z,2026-04-18T00:00:00Z,1940.925,112.7,4,4
2026-04-18T00:00:00Z,2026-04-18T01:00:00Z,1759.875,115.9,4,4
2026-04-18T01:00:00Z,2026-04-18T02:00:00Z,1706.125,110.408,4,4
2026-04-18T02:00:00Z,2026-04-18T03:00:00Z,1748.575,108.23,4,4
2026-04-18T03:00:00Z,2026-04-18T04:00:00Z,1749.825,106.335,4,4
2026-04-18T04:00:00Z,2026-04-18T05:00:00Z,1687.425,106.408,4,4
2026-04-18T05:00:00Z,2026-04-18T06:00:00Z,1183.675,108.477,4,4
2026-04-18T06:00:00Z,2026-04-18T07:00:00Z,629.6,110.145,4,4
2026-04-18T07:00:00Z,2026-04-18T08:00:00Z,573.1,105.732,4,4
2026-04-18T08:00:00Z,2026-04-18T09:00:00Z,711.275,92.278,4,4
2026-04-18T09:00:00Z,2026-04-18T10:00:00Z,728.9,74.77,4,4
2026-04-18T10:00:00Z,2026-04-18T11:00:00Z,719.95,43.378,4,4
2026-04-18T11:00:00Z,2026-04-18T12:00:00Z,735.825,35.992,4,4
2026-04-18T12:00:00Z,2026-04-18T13:00:00Z,773.85,30.66,4,4
2026-04-18T13:00:00Z,2026-04-18T14:00:00Z,813.925,31.93,4,4
2026-04-18T14:00:00Z,2026-04-18T15:00:00Z,881.075,31.62,4,4
2026-04-18T15:00:00Z,2026-04-18T16:00:00Z,971.55,32.705,4,4
2026-04-18T16:00:00Z,2026-04-18T17:00:00Z,1151.2,48.075,4,4
2026-04-18T17:00:00Z,2026-04-18T18:00:00Z,1753.075,90.145,4,4
2026-04-18T18:00:00Z,2026-04-18T19:00:00Z,2550.5,119.58,4,4
2026-04-18T19:00:00Z,2026-04-18T20:00:00Z,2950.45,131.532,4,4
2026-04-18T20:00:00Z,2026-04-18T21:00:00Z,2893.525,144.878,4,4
2026-04-18T21:00:00Z,2026-04-18T22:00:00Z,3594.65,140.285,4,4
2026-04-18T22:00:00Z,2026-04-18T23:00:00Z,3292.7,129.972,4,4
2026-04-18T23:00:00Z,2026-04-19T00:00:00Z,3105.975,124.977,4,4
2026-04-19T00:00:00Z,2026-04-19T01:00:00Z,2989.175,116.54,4,4
2026-04-19T01:00:00Z,2026-04-19T02:00:00Z,2833.7,109.932,4,4
2026-04-19T02:00:00Z,2026-04-19T03:00:00Z,2582.125,109.185,4,4
2026-04-19T03:00:00Z,2026-04-19T04:00:00Z,2201.8,106.308,4,4
2026-04-19T04:00:00Z,2026-04-19T05:00:00Z,1916.0,105.398,4,4
2026-04-19T05:00:00Z,2026-04-19T06:00:00Z,1057.525,106.535,4,4
2026-04-19T06:00:00Z,2026-04-19T07:00:00Z,441.2,104.765,4,4
2026-04-19T07:00:00Z,2026-04-19T08:00:00Z,374.825,100.023,4,4
2026-04-19T08:00:00Z,2026-04-19T09:00:00Z,345.075,96.618,4,4
2026-04-19T09:00:00Z,2026-04-19T10:00:00Z,290.075,93.832,4,4
2026-04-19T10:00:00Z,2026-04-19T11:00:00Z,261.75,71.15,4,4
2026-04-19T11:00:00Z,2026-04-19T12:00:00Z,271.35,34.978,4,4
2026-04-19T12:00:00Z,2026-04-19T13:00:00Z,312.85,28.342,4,4
2026-04-19T13:00:00Z,2026-04-19T14:00:00Z,391.75,22.26,4,4
2026-04-19T14:00:00Z,2026-04-19T15:00:00Z,478.675,22.185,4,4
2026-04-19T15:00:00Z,2026-04-19T16:00:00Z,611.15,22.555,4,4
2026-04-19T16:00:00Z,2026-04-19T17:00:00Z,848.025,31.803,4,4
2026-04-19T17:00:00Z,2026-04-19T18:00:00Z,1170.65,73.44,4,4
2026-04-19T18:00:00Z,2026-04-19T19:00:00Z,1426.175,103.852,4,4
2026-04-19T19:00:00Z,2026-04-19T20:00:00Z,1529.2,117.34,4,4
2026-04-19T20:00:00Z,2026-04-19T21:00:00Z,1447.525,124.098,4,4
2026-04-19T21:00:00Z,2026-04-19T22:00:00Z,1344.2,121.54,3,4
2026-04-19T22:00:00Z,2026-04-19T23:00:00Z,,118.303,0,4
2026-04-19T23:00:00Z,2026-04-20T00:00:00Z,,109.22,0,4
